<?xml version="1.0"?><!--Created by PowerFlashPoint--><manifest version="1.1" identifier="manifest_1" xmlns="http://www.imsproject.org/xsd/imscp_rootv1p1p2" xmlns:imsmd="http://www.imsglobal.org/xsd/imsmd_rootv1p2p1" xmlns:xsi="http://www.w3.org/2001/XMLSchema-instance" xmlns:adlcp="http://www.adlnet.org/xsd/adlcp_rootv1p2" xsi:schemaLocation="http://www.imsproject.org/xsd/imscp_rootv1p1p2 imscp_rootv1p1p2.xsd http://www.imsglobal.org/xsd/imsmd_rootv1p2p1 imsmd_rootv1p2p1.xsd http://www.adlnet.org/xsd/adlcp_rootv1p2 adlcp_rootv1p2.xsd" xmlns:lom="http://www.imsglobal.org/xsd/imsmd_rootv1p2p1"><metadata><schema>ADL SCORM</schema><schemaversion>1.2</schemaversion><lom:lom><lom:general><lom:title><lom:langstring>01_DS1_C2_S2_Creating _Database_Obj_ConceptSession-NO_LOGO</lom:langstring></lom:title><lom:description><lom:langstring /></lom:description><lom:keyword><lom:langstring /></lom:keyword></lom:general></lom:lom></metadata><organizations default="Org_default"><organization identifier="Org_default" structure="hierarchical"><title>01_DS1_C2_S2_Creating _Database_Obj_ConceptSession-NO_LOGO</title><item identifier="Item_1" identifierref="Res_1"><title>01_DS1_C2_S2_Creating _Database_Obj_ConceptSession-NO_LOGO</title><adlcp:masteryscore>60</adlcp:masteryscore></item></organization></organizations><resources><resource href="01_DS1_C2_S2_Creating__Database_Obj_ConceptSession_NO_LOGO.html" identifier="Res_1" type="webcontent" adlcp:scormtype="sco"><file href="01_DS1_C2_S2_Creating__Database_Obj_ConceptSession_NO_LOGO.html" /><file href="data/common/script.js" /><file href="data/player/arrow.png" /><file href="data/player/player.js" /><file href="data/player/pre.gif" /><file href="data/pres/Font0.woff" /><file href="data/pres/Font1.woff" /><file href="data/pres/Font2.woff" /><file href="data/pres/Font3.woff" /><file href="data/pres/Font4.woff" /><file href="data/pres/Font5.woff" /><file href="data/pres/s1s9.png" /><file href="data/pres/s2s4.jpg" /><file href="data/pres/s33s6.png" /><file href="data/pres/s33s7.jpg" /><file href="data/pres/s34s2050.jpg" /><file href="data/pres/s34s7.jpg" /><file href="data/pres/s35s2.png" /><file href="data/pres/s35s7.jpg" /><file href="data/pres/s36s4.jpg" /><file href="data/pres/s37s4.png" /><file href="data/pres/s38s2.jpg" /><file href="data/pres/s3s9.jpg" /><file href="data/pres/s4s2.jpg" /><file href="data/pres/s4s6.jpg" /><file href="data/pres/s5s3.png" /><file href="data/pres/s6s4.png" /><file href="data/pres/s8s4.jpg" /><file href="data/pres/s9s6.png" /><file href="data/pres/sb1.jpg" /><file href="data/pres/sb10.jpg" /><file href="data/pres/sb11.jpg" /><file href="data/pres/sb12.jpg" /><file href="data/pres/sb13.jpg" /><file href="data/pres/sb2.jpg" /><file href="data/pres/sb36.jpg" /><file href="data/pres/sb37.jpg" /><file href="data/pres/sb38.jpg" /><file href="data/pres/sb4.jpg" /><file href="data/pres/sb5.jpg" /><file href="data/pres/sb6.jpg" /><file href="data/pres/scriptInit.js" /><file href="data/pres/slideVault.js" /><file href="data/pres/styleVault.css" /></resource></resources></manifest>